[
  {
    "id": 49999,
    "priority": 1,
    "action": { "type": "allow" },
    "condition": {
      "urlFilter": "*",
      "resourceTypes": [
        "main_frame",
        "sub_frame",
        "stylesheet",
        "script",
        "image",
        "font",
        "object",
        "xmlhttprequest",
        "ping",
        "csp_report",
        "media",
        "websocket",
        "webtransport",
        "webbundle",
        "other"
      ],
      "domainType": "thirdParty"
    }
  }
]
